independent,dependent,test,statistic,pvalue,notes
Functional Impairment - Raw Score,Emotional Support - Raw Score,spearman,-0.14846403803707967,0.26177444179351583,
Functional Impairment - Raw Score,Informational Support - Raw Score,spearman,-0.09004207642774283,0.4976399408557386,
Functional Impairment - Raw Score,Instrumental Support - Raw Score,spearman,-0.23856891349367754,0.06881274695718086,
Functional Impairment - Raw Score,Emotional Support - T Score,spearman,-0.1439303814592648,0.27678476025743276,
Functional Impairment - Raw Score,Informational Support - T Score,spearman,-0.08063810583716123,0.5437643501058921,
Functional Impairment - Raw Score,Instrumental Support - T Score,spearman,-0.2349836949981757,0.07321272042178936,
Functional Impairment - Raw Score,Perceived Social Support Total T Score,spearman,-0.21075165779926341,0.10910453344613959,
Functional Impairment - Raw Score,Emotional Support - Rank,,,,Test not run: unsupported type combination.
Functional Impairment - Raw Score,Informational Support - Rank,,,,Test not run: unsupported type combination.
Functional Impairment - Raw Score,Instrumental Support - Rank,,,,Test not run: unsupported type combination.
Functional Impairment - Raw Score,Perceived Social Support TOTAL - Rank,,,,Test not run: unsupported type combination.
Functional Impairment - Raw Score,Power Self Concept - Real Self Concept Score,spearman,-0.23192783664635316,0.07713734596921973,
Functional Impairment - Raw Score,Power Self Concept - Ideal Self Concept score,spearman,-0.2541334380987325,0.05210221845715695,
Functional Impairment - Raw Score,Power Self Concept – Social Self Concept Score,spearman,-0.040850205206124174,0.7586979661756884,
Functional Impairment - Raw Score,Social Self Concept - Real Self Concept Score,spearman,-0.44356562526323956,0.0004337108306095348,
Functional Impairment - Raw Score,Social Self Concept – Social Self Concept Score,spearman,-0.22278256279794062,0.08988600337917232,
Functional Impairment - Raw Score,Ability Self Concept - Real Self Concept Score,spearman,-0.3233704614050961,0.012481544521155706,
Functional Impairment - Raw Score,Ability Self Concept - Ideal Self Concept Score,spearman,-0.24846668019135382,0.057755491404030364,
Functional Impairment - Raw Score,Ability Self Concept – Social Self Concept Score,spearman,-0.09666036631810289,0.4664394515230531,
Functional Impairment - Raw Score,Physical Self Concept - Real Self Concept Score,spearman,-0.3739094289610874,0.003531659882963538,
Functional Impairment - Raw Score,Physical Self Concept – Ideal Self Concept Score,spearman,-0.2048156194706195,0.11968309430331575,
Functional Impairment - Raw Score,Physical Self Concept – Social Self Concept Score,spearman,-0.09305792728858102,0.4832898106008411,
Functional Impairment - Raw Score,Psychological Self Concept - Real Self Concept Score,spearman,-0.42441005570132534,0.0008078556730025397,
Functional Impairment - Raw Score,Psychological Self Concept – Ideal Self Concept Score,spearman,-0.22583730033397215,0.0854560060601485,
Functional Impairment - Raw Score,Psychological Self Concept – Social Self Concept Score,spearman,-0.2094718460333205,0.11132210406085664,
Functional Impairment - Raw Score,Real Self Concept Total Score,spearman,-0.3971597285314755,0.0018421917845238688,
Functional Impairment - Raw Score,Ideal Self Concept Total Score,spearman,-0.23243821986088684,0.07647050035107977,
Functional Impairment - Raw Score,Social Self Concept Total Score,spearman,-0.1576306433300219,0.23312428011006378,
Functional Impairment - Raw Score,Ideal Self Concept Total Category,,,,Test not run: unsupported type combination.
Functional Impairment - Raw Score,Perceived Social Stress Score,spearman,0.35078312935389877,0.006451425466625407,
Functional Impairment - Raw Score,Perceived Social Stress Category,,,,Test not run: unsupported type combination.
Withdrawl - Raw Score,Emotional Support - Raw Score,spearman,-0.08270280597775266,0.5334628863077862,
Withdrawl - Raw Score,Informational Support - Raw Score,spearman,-0.015364612483430845,0.9080492370742217,
Withdrawl - Raw Score,Instrumental Support - Raw Score,spearman,-0.02708057385381028,0.8386688117939272,
Withdrawl - Raw Score,Emotional Support - T Score,spearman,-0.08152659876487343,0.5393195838539444,
Withdrawl - Raw Score,Informational Support - T Score,spearman,-0.00461749871008019,0.9723118018223663,
Withdrawl - Raw Score,Instrumental Support - T Score,spearman,-0.02888375880553748,0.8280846900064176,
Withdrawl - Raw Score,Perceived Social Support Total T Score,spearman,-0.0786248208444566,0.553901152999422,
Withdrawl - Raw Score,Emotional Support - Rank,,,,Test not run: unsupported type combination.
Withdrawl - Raw Score,Informational Support - Rank,,,,Test not run: unsupported type combination.
Withdrawl - Raw Score,Instrumental Support - Rank,,,,Test not run: unsupported type combination.
Withdrawl - Raw Score,Perceived Social Support TOTAL - Rank,,,,Test not run: unsupported type combination.
Withdrawl - Raw Score,Power Self Concept - Real Self Concept Score,spearman,-0.3262214239018,0.011684334645385154,
Withdrawl - Raw Score,Power Self Concept - Ideal Self Concept score,spearman,-0.18453585301129724,0.16176257770216532,
Withdrawl - Raw Score,Power Self Concept – Social Self Concept Score,spearman,-0.06596121900075955,0.619641593926065,
Withdrawl - Raw Score,Social Self Concept - Real Self Concept Score,spearman,-0.4642259398985322,0.0002125850425771805,
Withdrawl - Raw Score,Social Self Concept – Social Self Concept Score,spearman,-0.14545022337886507,0.27169045446520934,
Withdrawl - Raw Score,Ability Self Concept - Real Self Concept Score,spearman,-0.3916081945713569,0.0021610862592715513,
Withdrawl - Raw Score,Ability Self Concept - Ideal Self Concept Score,spearman,-0.18595691229773645,0.1585000999532485,
Withdrawl - Raw Score,Ability Self Concept – Social Self Concept Score,spearman,-0.08173779263264036,0.5382656797376699,
Withdrawl - Raw Score,Physical Self Concept - Real Self Concept Score,spearman,-0.44068573885621887,0.00047734288807000887,
Withdrawl - Raw Score,Physical Self Concept – Ideal Self Concept Score,spearman,-0.1925252371272246,0.14404851081115402,
Withdrawl - Raw Score,Physical Self Concept – Social Self Concept Score,spearman,-0.14047468707009694,0.2886022682535452,
Withdrawl - Raw Score,Psychological Self Concept - Real Self Concept Score,spearman,-0.515042435766634,2.9953248072788012e-05,
Withdrawl - Raw Score,Psychological Self Concept – Ideal Self Concept Score,spearman,-0.2462817214348234,0.06006364427612421,
Withdrawl - Raw Score,Psychological Self Concept – Social Self Concept Score,spearman,-0.2786431914575839,0.032595749691112424,
Withdrawl - Raw Score,Real Self Concept Total Score,spearman,-0.5047768259545615,4.5642300203283925e-05,
Withdrawl - Raw Score,Ideal Self Concept Total Score,spearman,-0.21226401369700243,0.10652803683159671,
Withdrawl - Raw Score,Social Self Concept Total Score,spearman,-0.19076456975938874,0.14782207716354798,
Withdrawl - Raw Score,Ideal Self Concept Total Category,,,,Test not run: unsupported type combination.
Withdrawl - Raw Score,Perceived Social Stress Score,spearman,0.3287681272092055,0.011009770535084682,
Withdrawl - Raw Score,Perceived Social Stress Category,,,,Test not run: unsupported type combination.
Occupational & Relationship Consequences - Raw Score,Emotional Support - Raw Score,spearman,-0.3260220500949069,0.011738618948395027,
Occupational & Relationship Consequences - Raw Score,Informational Support - Raw Score,spearman,-0.25150433709493963,0.05466634337490762,
Occupational & Relationship Consequences - Raw Score,Instrumental Support - Raw Score,spearman,-0.2828246240310647,0.029971843801167807,
Occupational & Relationship Consequences - Raw Score,Emotional Support - T Score,spearman,-0.3210531782636944,0.013163640923997385,
Occupational & Relationship Consequences - Raw Score,Informational Support - T Score,spearman,-0.2501355337978137,0.0560413240878798,
Occupational & Relationship Consequences - Raw Score,Instrumental Support - T Score,spearman,-0.2739443186741241,0.03577008943812326,
Occupational & Relationship Consequences - Raw Score,Perceived Social Support Total T Score,spearman,-0.3277434082438921,0.011277033906955662,
Occupational & Relationship Consequences - Raw Score,Emotional Support - Rank,,,,Test not run: unsupported type combination.
Occupational & Relationship Consequences - Raw Score,Informational Support - Rank,,,,Test not run: unsupported type combination.
Occupational & Relationship Consequences - Raw Score,Instrumental Support - Rank,,,,Test not run: unsupported type combination.
Occupational & Relationship Consequences - Raw Score,Perceived Social Support TOTAL - Rank,,,,Test not run: unsupported type combination.
Occupational & Relationship Consequences - Raw Score,Power Self Concept - Real Self Concept Score,spearman,-0.13638948944978654,0.30299337424420064,
Occupational & Relationship Consequences - Raw Score,Power Self Concept - Ideal Self Concept score,spearman,-0.2706393626615261,0.038153156079394894,
Occupational & Relationship Consequences - Raw Score,Power Self Concept – Social Self Concept Score,spearman,-0.03642980726315595,0.7841411381470763,
Occupational & Relationship Consequences - Raw Score,Social Self Concept - Real Self Concept Score,spearman,-0.2877226468375078,0.027125330825481058,
Occupational & Relationship Consequences - Raw Score,Social Self Concept – Social Self Concept Score,spearman,-0.13632247956722443,0.30323323757390575,
Occupational & Relationship Consequences - Raw Score,Ability Self Concept - Real Self Concept Score,spearman,-0.24761616929634198,0.05864527579382614,
Occupational & Relationship Consequences - Raw Score,Ability Self Concept - Ideal Self Concept Score,spearman,-0.28104328897886344,0.031067203631433695,
Occupational & Relationship Consequences - Raw Score,Ability Self Concept – Social Self Concept Score,spearman,-0.0886913320210593,0.5041379383567481,
Occupational & Relationship Consequences - Raw Score,Physical Self Concept - Real Self Concept Score,spearman,-0.25189065228723106,0.05428327967847835,
Occupational & Relationship Consequences - Raw Score,Physical Self Concept – Ideal Self Concept Score,spearman,-0.2856200032285607,0.028318171095694736,
Occupational & Relationship Consequences - Raw Score,Physical Self Concept – Social Self Concept Score,spearman,-0.1582115788406436,0.23138458155087016,
Occupational & Relationship Consequences - Raw Score,Psychological Self Concept - Real Self Concept Score,spearman,-0.31307761870590817,0.01576205244691859,
Occupational & Relationship Consequences - Raw Score,Psychological Self Concept – Ideal Self Concept Score,spearman,-0.2607244084174373,0.046102366278529566,
Occupational & Relationship Consequences - Raw Score,Psychological Self Concept – Social Self Concept Score,spearman,-0.13203431167116084,0.3188382180365428,
Occupational & Relationship Consequences - Raw Score,Real Self Concept Total Score,spearman,-0.29350743514748323,0.02405937491521981,
Occupational & Relationship Consequences - Raw Score,Ideal Self Concept Total Score,spearman,-0.27882374961607237,0.032478617880859394,
Occupational & Relationship Consequences - Raw Score,Social Self Concept Total Score,spearman,-0.12774418022208497,0.33495313286022643,
Occupational & Relationship Consequences - Raw Score,Ideal Self Concept Total Category,,,,Test not run: unsupported type combination.
Occupational & Relationship Consequences - Raw Score,Perceived Social Stress Score,spearman,0.3620837123728717,0.00483211864550597,
Occupational & Relationship Consequences - Raw Score,Perceived Social Stress Category,,,,Test not run: unsupported type combination.
Compulsive Behaviour - Raw Score,Emotional Support - Raw Score,spearman,-0.20733762904590747,0.11509693215782638,
Compulsive Behaviour - Raw Score,Informational Support - Raw Score,spearman,-0.16591716676087995,0.2091551784850914,
Compulsive Behaviour - Raw Score,Instrumental Support - Raw Score,spearman,-0.22177290122730076,0.09138913638656687,
Compulsive Behaviour - Raw Score,Emotional Support - T Score,spearman,-0.2011384876189177,0.1266177443198528,
Compulsive Behaviour - Raw Score,Informational Support - T Score,spearman,-0.16180800744624887,0.22081431168892773,
Compulsive Behaviour - Raw Score,Instrumental Support - T Score,spearman,-0.21723080593692645,0.09839577468074212,
Compulsive Behaviour - Raw Score,Perceived Social Support Total T Score,spearman,-0.250478879463382,0.05569382264449527,
Compulsive Behaviour - Raw Score,Emotional Support - Rank,,,,Test not run: unsupported type combination.
Compulsive Behaviour - Raw Score,Informational Support - Rank,,,,Test not run: unsupported type combination.
Compulsive Behaviour - Raw Score,Instrumental Support - Rank,,,,Test not run: unsupported type combination.
Compulsive Behaviour - Raw Score,Perceived Social Support TOTAL - Rank,,,,Test not run: unsupported type combination.
Compulsive Behaviour - Raw Score,Power Self Concept - Real Self Concept Score,spearman,-0.27572601458197377,0.034537512813787884,
Compulsive Behaviour - Raw Score,Power Self Concept - Ideal Self Concept score,spearman,-0.32702742737326707,0.011467084221851071,
Compulsive Behaviour - Raw Score,Power Self Concept – Social Self Concept Score,spearman,-0.1985555932899617,0.13166793204551067,
Compulsive Behaviour - Raw Score,Social Self Concept - Real Self Concept Score,spearman,-0.31178874990889116,0.016220693805421488,
Compulsive Behaviour - Raw Score,Social Self Concept – Social Self Concept Score,spearman,-0.23379738303200245,0.07471697510356752,
Compulsive Behaviour - Raw Score,Ability Self Concept - Real Self Concept Score,spearman,-0.28230490886852166,0.030288031086583848,
Compulsive Behaviour - Raw Score,Ability Self Concept - Ideal Self Concept Score,spearman,-0.25258946072315863,0.05359589244013672,
Compulsive Behaviour - Raw Score,Ability Self Concept – Social Self Concept Score,spearman,-0.2025660460935217,0.12389024560968558,
Compulsive Behaviour - Raw Score,Physical Self Concept - Real Self Concept Score,spearman,-0.25548822765197393,0.050819646771397706,
Compulsive Behaviour - Raw Score,Physical Self Concept – Ideal Self Concept Score,spearman,-0.22764684997950008,0.08291395165000313,
Compulsive Behaviour - Raw Score,Physical Self Concept – Social Self Concept Score,spearman,-0.15396182114415752,0.2443196703333972,
Compulsive Behaviour - Raw Score,Psychological Self Concept - Real Self Concept Score,spearman,-0.39529399334155185,0.001944327610536804,
Compulsive Behaviour - Raw Score,Psychological Self Concept – Ideal Self Concept Score,spearman,-0.22398626173648722,0.08811938749349195,
Compulsive Behaviour - Raw Score,Psychological Self Concept – Social Self Concept Score,spearman,-0.27349158908147364,0.036089039959584304,
Compulsive Behaviour - Raw Score,Real Self Concept Total Score,spearman,-0.3252687481189899,0.011945693539138044,
Compulsive Behaviour - Raw Score,Ideal Self Concept Total Score,spearman,-0.2559144090295135,0.05042154713763933,
Compulsive Behaviour - Raw Score,Social Self Concept Total Score,spearman,-0.25421963734205477,0.05201983673248275,
Compulsive Behaviour - Raw Score,Ideal Self Concept Total Category,,,,Test not run: unsupported type combination.
Compulsive Behaviour - Raw Score,Perceived Social Stress Score,spearman,0.2100416627279927,0.11033052633024948,
Compulsive Behaviour - Raw Score,Perceived Social Stress Category,,,,Test not run: unsupported type combination.
Obsession with Internet - Raw Score,Emotional Support - Raw Score,spearman,-0.12132954453890155,0.3599828435707494,
Obsession with Internet - Raw Score,Informational Support - Raw Score,spearman,-0.0847175618094659,0.5235040623786278,
Obsession with Internet - Raw Score,Instrumental Support - Raw Score,spearman,-0.22904501802144334,0.08099095741977974,
Obsession with Internet - Raw Score,Emotional Support - T Score,spearman,-0.11842218000141554,0.3716940131864309,
Obsession with Internet - Raw Score,Informational Support - T Score,spearman,-0.07860468746888877,0.5540029766498347,
Obsession with Internet - Raw Score,Instrumental Support - T Score,spearman,-0.22929220596281266,0.08065467928555597,
Obsession with Internet - Raw Score,Perceived Social Support Total T Score,spearman,-0.18076045822174283,0.17066942455415163,
Obsession with Internet - Raw Score,Emotional Support - Rank,,,,Test not run: unsupported type combination.
Obsession with Internet - Raw Score,Informational Support - Rank,,,,Test not run: unsupported type combination.
Obsession with Internet - Raw Score,Instrumental Support - Rank,,,,Test not run: unsupported type combination.
Obsession with Internet - Raw Score,Perceived Social Support TOTAL - Rank,,,,Test not run: unsupported type combination.
Obsession with Internet - Raw Score,Power Self Concept - Real Self Concept Score,spearman,-0.1794743624333148,0.17378373336033143,
Obsession with Internet - Raw Score,Power Self Concept - Ideal Self Concept score,spearman,-0.15275925179676395,0.248067951813523,
Obsession with Internet - Raw Score,Power Self Concept – Social Self Concept Score,spearman,-0.17488391051460728,0.18523648084041286,
Obsession with Internet - Raw Score,Social Self Concept - Real Self Concept Score,spearman,-0.17082325949518734,0.19581194442073707,
Obsession with Internet - Raw Score,Social Self Concept – Social Self Concept Score,spearman,-0.16623710327082586,0.2082659802771406,
Obsession with Internet - Raw Score,Ability Self Concept - Real Self Concept Score,spearman,-0.1502378363127206,0.2560535669833141,
Obsession with Internet - Raw Score,Ability Self Concept - Ideal Self Concept Score,spearman,-0.17276265231748691,0.1907085338280812,
Obsession with Internet - Raw Score,Ability Self Concept – Social Self Concept Score,spearman,-0.15685101867711515,0.23547314219774504,
Obsession with Internet - Raw Score,Physical Self Concept - Real Self Concept Score,spearman,-0.21638760486795774,0.09974126880808742,
Obsession with Internet - Raw Score,Physical Self Concept – Ideal Self Concept Score,spearman,-0.1578295140333036,0.2325277184457201,
Obsession with Internet - Raw Score,Physical Self Concept – Social Self Concept Score,spearman,-0.18958438281579082,0.1503923697950966,
Obsession with Internet - Raw Score,Psychological Self Concept - Real Self Concept Score,spearman,-0.24342895937289935,0.06318869811755788,
Obsession with Internet - Raw Score,Psychological Self Concept – Ideal Self Concept Score,spearman,-0.18505089374839523,0.16057449042506736,
Obsession with Internet - Raw Score,Psychological Self Concept – Social Self Concept Score,spearman,-0.24225522003765895,0.0645118639588118,
Obsession with Internet - Raw Score,Real Self Concept Total Score,spearman,-0.19065606984794845,0.14805700283937037,
Obsession with Internet - Raw Score,Ideal Self Concept Total Score,spearman,-0.18050594690520672,0.17128247635276597,
Obsession with Internet - Raw Score,Social Self Concept Total Score,spearman,-0.22776342631789062,0.08275225286995934,
Obsession with Internet - Raw Score,Ideal Self Concept Total Category,,,,Test not run: unsupported type combination.
Obsession with Internet - Raw Score,Perceived Social Stress Score,spearman,-0.03520895108686524,0.7912092390366422,
Obsession with Internet - Raw Score,Perceived Social Stress Category,,,,Test not run: unsupported type combination.
Internet as a Source of Recreation - Raw Score,Emotional Support - Raw Score,spearman,0.016453987858784984,0.9015610117347737,
Internet as a Source of Recreation - Raw Score,Informational Support - Raw Score,spearman,0.08097302579570287,0.5420868015450828,
Internet as a Source of Recreation - Raw Score,Instrumental Support - Raw Score,spearman,-0.08184429588392261,0.5377345867552382,
Internet as a Source of Recreation - Raw Score,Emotional Support - T Score,spearman,0.01796445524817236,0.8925754683656892,
Internet as a Source of Recreation - Raw Score,Informational Support - T Score,spearman,0.09098375430122728,0.49313564647102015,
Internet as a Source of Recreation - Raw Score,Instrumental Support - T Score,spearman,-0.08148583752743822,0.5395231072217401,
Internet as a Source of Recreation - Raw Score,Perceived Social Support Total T Score,spearman,-0.013926084101260708,0.9166260765161393,
Internet as a Source of Recreation - Raw Score,Emotional Support - Rank,,,,Test not run: unsupported type combination.
Internet as a Source of Recreation - Raw Score,Informational Support - Rank,,,,Test not run: unsupported type combination.
Internet as a Source of Recreation - Raw Score,Instrumental Support - Rank,,,,Test not run: unsupported type combination.
Internet as a Source of Recreation - Raw Score,Perceived Social Support TOTAL - Rank,,,,Test not run: unsupported type combination.
Internet as a Source of Recreation - Raw Score,Power Self Concept - Real Self Concept Score,spearman,0.013807486934504178,0.9173336154691321,
Internet as a Source of Recreation - Raw Score,Power Self Concept - Ideal Self Concept score,spearman,-0.09605554685307788,0.4692461154242463,
Internet as a Source of Recreation - Raw Score,Power Self Concept – Social Self Concept Score,spearman,0.07063412303147938,0.5949980330402362,
Internet as a Source of Recreation - Raw Score,Social Self Concept - Real Self Concept Score,spearman,-0.10572814870023843,0.4254657326186493,
Internet as a Source of Recreation - Raw Score,Social Self Concept – Social Self Concept Score,spearman,-0.009600891074080697,0.942466938739782,
Internet as a Source of Recreation - Raw Score,Ability Self Concept - Real Self Concept Score,spearman,0.03311060094835281,0.8033963904269315,
Internet as a Source of Recreation - Raw Score,Ability Self Concept - Ideal Self Concept Score,spearman,-0.0984369855441392,0.45824775329795553,
Internet as a Source of Recreation - Raw Score,Ability Self Concept – Social Self Concept Score,spearman,0.09129652381424681,0.4916443047098844,
Internet as a Source of Recreation - Raw Score,Physical Self Concept - Real Self Concept Score,spearman,-0.04745240075293412,0.7211731690536372,
Internet as a Source of Recreation - Raw Score,Physical Self Concept – Ideal Self Concept Score,spearman,-0.13450598771264793,0.30978220214993285,
Internet as a Source of Recreation - Raw Score,Physical Self Concept – Social Self Concept Score,spearman,0.0042204555112462135,0.9746918029981984,
Internet as a Source of Recreation - Raw Score,Psychological Self Concept - Real Self Concept Score,spearman,-0.02885992807567472,0.8282243752116708,
Internet as a Source of Recreation - Raw Score,Psychological Self Concept – Ideal Self Concept Score,spearman,-0.09889216148596136,0.45616172622049944,
Internet as a Source of Recreation - Raw Score,Psychological Self Concept – Social Self Concept Score,spearman,0.025464294900973485,0.8481801174314939,
Internet as a Source of Recreation - Raw Score,Real Self Concept Total Score,spearman,0.006904025048570293,0.9586109538959744,
Internet as a Source of Recreation - Raw Score,Ideal Self Concept Total Score,spearman,-0.12363183197433529,0.3508709378351721,
Internet as a Source of Recreation - Raw Score,Social Self Concept Total Score,spearman,0.03256521563550518,0.8065717317626815,
Internet as a Source of Recreation - Raw Score,Ideal Self Concept Total Category,,,,Test not run: unsupported type combination.
Internet as a Source of Recreation - Raw Score,Perceived Social Stress Score,spearman,-0.003703233126398059,0.9777925217106456,
Internet as a Source of Recreation - Raw Score,Perceived Social Stress Category,,,,Test not run: unsupported type combination.
Enhanced Socialization - Raw Score,Emotional Support - Raw Score,spearman,0.05937601715903143,0.655082960634235,
Enhanced Socialization - Raw Score,Informational Support - Raw Score,spearman,0.10302599467573333,0.43745660852280177,
Enhanced Socialization - Raw Score,Instrumental Support - Raw Score,spearman,-0.11697722577639953,0.3775990045111858,
Enhanced Socialization - Raw Score,Emotional Support - T Score,spearman,0.06066085836102158,0.6481051102481576,
Enhanced Socialization - Raw Score,Informational Support - T Score,spearman,0.10514022004613219,0.4280586576862101,
Enhanced Socialization - Raw Score,Instrumental Support - T Score,spearman,-0.11894075688189032,0.3695884519037158,
Enhanced Socialization - Raw Score,Perceived Social Support Total T Score,spearman,0.004137205875331072,0.9751908558743911,
Enhanced Socialization - Raw Score,Emotional Support - Rank,,,,Test not run: unsupported type combination.
Enhanced Socialization - Raw Score,Informational Support - Rank,,,,Test not run: unsupported type combination.
Enhanced Socialization - Raw Score,Instrumental Support - Rank,,,,Test not run: unsupported type combination.
Enhanced Socialization - Raw Score,Perceived Social Support TOTAL - Rank,,,,Test not run: unsupported type combination.
Enhanced Socialization - Raw Score,Power Self Concept - Real Self Concept Score,spearman,0.0012115924568210131,0.9927335296884163,
Enhanced Socialization - Raw Score,Power Self Concept - Ideal Self Concept score,spearman,-0.15733115007955067,0.23402467610228686,
Enhanced Socialization - Raw Score,Power Self Concept – Social Self Concept Score,spearman,0.16844695086819594,0.20219695677958535,
Enhanced Socialization - Raw Score,Social Self Concept - Real Self Concept Score,spearman,-0.08269648006528078,0.5334943010686454,
Enhanced Socialization - Raw Score,Social Self Concept – Social Self Concept Score,spearman,0.1072144577234994,0.4189506613253089,
Enhanced Socialization - Raw Score,Ability Self Concept - Real Self Concept Score,spearman,-0.010984841349838558,0.9341908331746998,
Enhanced Socialization - Raw Score,Ability Self Concept - Ideal Self Concept Score,spearman,-0.10878697039435205,0.412120341338994,
Enhanced Socialization - Raw Score,Ability Self Concept – Social Self Concept Score,spearman,0.1554303444906712,0.2397951756048421,
Enhanced Socialization - Raw Score,Physical Self Concept - Real Self Concept Score,spearman,-0.012672322455076997,0.9241090407320212,
Enhanced Socialization - Raw Score,Physical Self Concept – Ideal Self Concept Score,spearman,-0.07603687676495202,0.5670621338160808,
Enhanced Socialization - Raw Score,Physical Self Concept – Social Self Concept Score,spearman,0.1451600822598312,0.27265810900734216,
Enhanced Socialization - Raw Score,Psychological Self Concept - Real Self Concept Score,spearman,-0.06997287444352492,0.5984587104519912,
Enhanced Socialization - Raw Score,Psychological Self Concept – Ideal Self Concept Score,spearman,-0.025019785093153217,0.8507997588454392,
Enhanced Socialization - Raw Score,Psychological Self Concept – Social Self Concept Score,spearman,0.08902033118040352,0.5025512258371112,
Enhanced Socialization - Raw Score,Real Self Concept Total Score,spearman,-0.0305327216593296,0.8184322816072569,
Enhanced Socialization - Raw Score,Ideal Self Concept Total Score,spearman,-0.0696000495541076,0.6004138186699493,
Enhanced Socialization - Raw Score,Social Self Concept Total Score,spearman,0.14413138540514078,0.2761074103318718,
Enhanced Socialization - Raw Score,Ideal Self Concept Total Category,,,,Test not run: unsupported type combination.
Enhanced Socialization - Raw Score,Perceived Social Stress Score,spearman,0.3545480404011339,0.005865814845673005,
Enhanced Socialization - Raw Score,Perceived Social Stress Category,,,,Test not run: unsupported type combination.
Perceived Control of Internet Use - Raw Score,Emotional Support - Raw Score,spearman,-0.07185090503570181,0.5886533053776111,
Perceived Control of Internet Use - Raw Score,Informational Support - Raw Score,spearman,-0.11707528666838359,0.3771964952960559,
Perceived Control of Internet Use - Raw Score,Instrumental Support - Raw Score,spearman,-0.20421444922730667,0.12079658421642474,
Perceived Control of Internet Use - Raw Score,Emotional Support - T Score,spearman,-0.0789281409632302,0.5523682053453591,
Perceived Control of Internet Use - Raw Score,Informational Support - T Score,spearman,-0.11227199573515625,0.39721404018894124,
Perceived Control of Internet Use - Raw Score,Instrumental Support - T Score,spearman,-0.20828441539506717,0.11341041744540499,
Perceived Control of Internet Use - Raw Score,Perceived Social Support Total T Score,spearman,-0.14775536569099668,0.26408391269734005,
Perceived Control of Internet Use - Raw Score,Emotional Support - Rank,,,,Test not run: unsupported type combination.
Perceived Control of Internet Use - Raw Score,Informational Support - Rank,,,,Test not run: unsupported type combination.
Perceived Control of Internet Use - Raw Score,Instrumental Support - Rank,,,,Test not run: unsupported type combination.
Perceived Control of Internet Use - Raw Score,Perceived Social Support TOTAL - Rank,,,,Test not run: unsupported type combination.
Perceived Control of Internet Use - Raw Score,Power Self Concept - Real Self Concept Score,spearman,0.21719719031569593,0.0984491436268585,
Perceived Control of Internet Use - Raw Score,Power Self Concept - Ideal Self Concept score,spearman,0.19806938414080238,0.13263535035403487,
Perceived Control of Internet Use - Raw Score,Power Self Concept – Social Self Concept Score,spearman,0.1934583305621347,0.14207802817154372,
Perceived Control of Internet Use - Raw Score,Social Self Concept - Real Self Concept Score,spearman,0.06177898268828461,0.6420570444118925,
Perceived Control of Internet Use - Raw Score,Social Self Concept – Social Self Concept Score,spearman,0.0754297359265798,0.5701707330635212,
Perceived Control of Internet Use - Raw Score,Ability Self Concept - Real Self Concept Score,spearman,0.11303226895632594,0.3940047540117657,
Perceived Control of Internet Use - Raw Score,Ability Self Concept - Ideal Self Concept Score,spearman,0.14463180669301687,0.2744258571398722,
Perceived Control of Internet Use - Raw Score,Ability Self Concept – Social Self Concept Score,spearman,0.02808389710294041,0.8327759917942923,
Perceived Control of Internet Use - Raw Score,Physical Self Concept - Real Self Concept Score,spearman,0.055756094869296155,0.6748990470165812,
Perceived Control of Internet Use - Raw Score,Physical Self Concept – Ideal Self Concept Score,spearman,0.14645038073921304,0.26837237512644224,
Perceived Control of Internet Use - Raw Score,Physical Self Concept – Social Self Concept Score,spearman,0.0211170161675364,0.8738658317937458,
Perceived Control of Internet Use - Raw Score,Psychological Self Concept - Real Self Concept Score,spearman,0.16263545620515182,0.21843083193841548,
Perceived Control of Internet Use - Raw Score,Psychological Self Concept – Ideal Self Concept Score,spearman,0.237415182261327,0.07020496693657942,
Perceived Control of Internet Use - Raw Score,Psychological Self Concept – Social Self Concept Score,spearman,0.11141534539181473,0.4008484807924574,
Perceived Control of Internet Use - Raw Score,Real Self Concept Total Score,spearman,0.13263145352917213,0.3166350385248555,
Perceived Control of Internet Use - Raw Score,Ideal Self Concept Total Score,spearman,0.1861131455502966,0.15814439890476598,
Perceived Control of Internet Use - Raw Score,Social Self Concept Total Score,spearman,0.09995231070001613,0.4513233794438991,
Perceived Control of Internet Use - Raw Score,Ideal Self Concept Total Category,,,,Test not run: unsupported type combination.
Perceived Control of Internet Use - Raw Score,Perceived Social Stress Score,spearman,0.1717491922386978,0.19336337975766416,
Perceived Control of Internet Use - Raw Score,Perceived Social Stress Category,,,,Test not run: unsupported type combination.
Functional Impairment - Weighted Score,Emotional Support - Raw Score,spearman,-0.14846403803707967,0.26177444179351583,
Functional Impairment - Weighted Score,Informational Support - Raw Score,spearman,-0.09004207642774283,0.4976399408557386,
Functional Impairment - Weighted Score,Instrumental Support - Raw Score,spearman,-0.23856891349367754,0.06881274695718086,
Functional Impairment - Weighted Score,Emotional Support - T Score,spearman,-0.1439303814592648,0.27678476025743276,
Functional Impairment - Weighted Score,Informational Support - T Score,spearman,-0.08063810583716123,0.5437643501058921,
Functional Impairment - Weighted Score,Instrumental Support - T Score,spearman,-0.2349836949981757,0.07321272042178936,
Functional Impairment - Weighted Score,Perceived Social Support Total T Score,spearman,-0.21075165779926341,0.10910453344613959,
Functional Impairment - Weighted Score,Emotional Support - Rank,,,,Test not run: unsupported type combination.
Functional Impairment - Weighted Score,Informational Support - Rank,,,,Test not run: unsupported type combination.
Functional Impairment - Weighted Score,Instrumental Support - Rank,,,,Test not run: unsupported type combination.
Functional Impairment - Weighted Score,Perceived Social Support TOTAL - Rank,,,,Test not run: unsupported type combination.
Functional Impairment - Weighted Score,Power Self Concept - Real Self Concept Score,spearman,-0.23192783664635316,0.07713734596921973,
Functional Impairment - Weighted Score,Power Self Concept - Ideal Self Concept score,spearman,-0.2541334380987325,0.05210221845715695,
Functional Impairment - Weighted Score,Power Self Concept – Social Self Concept Score,spearman,-0.040850205206124174,0.7586979661756884,
Functional Impairment - Weighted Score,Social Self Concept - Real Self Concept Score,spearman,-0.44356562526323956,0.0004337108306095348,
Functional Impairment - Weighted Score,Social Self Concept – Social Self Concept Score,spearman,-0.22278256279794062,0.08988600337917232,
Functional Impairment - Weighted Score,Ability Self Concept - Real Self Concept Score,spearman,-0.3233704614050961,0.012481544521155706,
Functional Impairment - Weighted Score,Ability Self Concept - Ideal Self Concept Score,spearman,-0.24846668019135382,0.057755491404030364,
Functional Impairment - Weighted Score,Ability Self Concept – Social Self Concept Score,spearman,-0.09666036631810289,0.4664394515230531,
Functional Impairment - Weighted Score,Physical Self Concept - Real Self Concept Score,spearman,-0.3739094289610874,0.003531659882963538,
Functional Impairment - Weighted Score,Physical Self Concept – Ideal Self Concept Score,spearman,-0.2048156194706195,0.11968309430331575,
Functional Impairment - Weighted Score,Physical Self Concept – Social Self Concept Score,spearman,-0.09305792728858102,0.4832898106008411,
Functional Impairment - Weighted Score,Psychological Self Concept - Real Self Concept Score,spearman,-0.42441005570132534,0.0008078556730025397,
Functional Impairment - Weighted Score,Psychological Self Concept – Ideal Self Concept Score,spearman,-0.22583730033397215,0.0854560060601485,
Functional Impairment - Weighted Score,Psychological Self Concept – Social Self Concept Score,spearman,-0.2094718460333205,0.11132210406085664,
Functional Impairment - Weighted Score,Real Self Concept Total Score,spearman,-0.3971597285314755,0.0018421917845238688,
Functional Impairment - Weighted Score,Ideal Self Concept Total Score,spearman,-0.23243821986088684,0.07647050035107977,
Functional Impairment - Weighted Score,Social Self Concept Total Score,spearman,-0.1576306433300219,0.23312428011006378,
Functional Impairment - Weighted Score,Ideal Self Concept Total Category,,,,Test not run: unsupported type combination.
Functional Impairment - Weighted Score,Perceived Social Stress Score,spearman,0.35078312935389877,0.006451425466625407,
Functional Impairment - Weighted Score,Perceived Social Stress Category,,,,Test not run: unsupported type combination.
Withdrawl - Weighted Score,Emotional Support - Raw Score,spearman,-0.08270280597775266,0.5334628863077862,
Withdrawl - Weighted Score,Informational Support - Raw Score,spearman,-0.015364612483430845,0.9080492370742217,
Withdrawl - Weighted Score,Instrumental Support - Raw Score,spearman,-0.02708057385381028,0.8386688117939272,
Withdrawl - Weighted Score,Emotional Support - T Score,spearman,-0.08152659876487343,0.5393195838539444,
Withdrawl - Weighted Score,Informational Support - T Score,spearman,-0.00461749871008019,0.9723118018223663,
Withdrawl - Weighted Score,Instrumental Support - T Score,spearman,-0.02888375880553748,0.8280846900064176,
Withdrawl - Weighted Score,Perceived Social Support Total T Score,spearman,-0.0786248208444566,0.553901152999422,
Withdrawl - Weighted Score,Emotional Support - Rank,,,,Test not run: unsupported type combination.
Withdrawl - Weighted Score,Informational Support - Rank,,,,Test not run: unsupported type combination.
Withdrawl - Weighted Score,Instrumental Support - Rank,,,,Test not run: unsupported type combination.
Withdrawl - Weighted Score,Perceived Social Support TOTAL - Rank,,,,Test not run: unsupported type combination.
Withdrawl - Weighted Score,Power Self Concept - Real Self Concept Score,spearman,-0.3262214239018,0.011684334645385154,
Withdrawl - Weighted Score,Power Self Concept - Ideal Self Concept score,spearman,-0.18453585301129724,0.16176257770216532,
Withdrawl - Weighted Score,Power Self Concept – Social Self Concept Score,spearman,-0.06596121900075955,0.619641593926065,
Withdrawl - Weighted Score,Social Self Concept - Real Self Concept Score,spearman,-0.4642259398985322,0.0002125850425771805,
Withdrawl - Weighted Score,Social Self Concept – Social Self Concept Score,spearman,-0.14545022337886507,0.27169045446520934,
Withdrawl - Weighted Score,Ability Self Concept - Real Self Concept Score,spearman,-0.3916081945713569,0.0021610862592715513,
Withdrawl - Weighted Score,Ability Self Concept - Ideal Self Concept Score,spearman,-0.18595691229773645,0.1585000999532485,
Withdrawl - Weighted Score,Ability Self Concept – Social Self Concept Score,spearman,-0.08173779263264036,0.5382656797376699,
Withdrawl - Weighted Score,Physical Self Concept - Real Self Concept Score,spearman,-0.44068573885621887,0.00047734288807000887,
Withdrawl - Weighted Score,Physical Self Concept – Ideal Self Concept Score,spearman,-0.1925252371272246,0.14404851081115402,
Withdrawl - Weighted Score,Physical Self Concept – Social Self Concept Score,spearman,-0.14047468707009694,0.2886022682535452,
Withdrawl - Weighted Score,Psychological Self Concept - Real Self Concept Score,spearman,-0.515042435766634,2.9953248072788012e-05,
Withdrawl - Weighted Score,Psychological Self Concept – Ideal Self Concept Score,spearman,-0.2462817214348234,0.06006364427612421,
Withdrawl - Weighted Score,Psychological Self Concept – Social Self Concept Score,spearman,-0.2786431914575839,0.032595749691112424,
Withdrawl - Weighted Score,Real Self Concept Total Score,spearman,-0.5047768259545615,4.5642300203283925e-05,
Withdrawl - Weighted Score,Ideal Self Concept Total Score,spearman,-0.21226401369700243,0.10652803683159671,
Withdrawl - Weighted Score,Social Self Concept Total Score,spearman,-0.19076456975938874,0.14782207716354798,
Withdrawl - Weighted Score,Ideal Self Concept Total Category,,,,Test not run: unsupported type combination.
Withdrawl - Weighted Score,Perceived Social Stress Score,spearman,0.3287681272092055,0.011009770535084682,
Withdrawl - Weighted Score,Perceived Social Stress Category,,,,Test not run: unsupported type combination.
Occupational & Relationship Consequences - Weighted Score,Emotional Support - Raw Score,spearman,-0.3260220500949069,0.011738618948395027,
Occupational & Relationship Consequences - Weighted Score,Informational Support - Raw Score,spearman,-0.25150433709493963,0.05466634337490762,
Occupational & Relationship Consequences - Weighted Score,Instrumental Support - Raw Score,spearman,-0.2828246240310647,0.029971843801167807,
Occupational & Relationship Consequences - Weighted Score,Emotional Support - T Score,spearman,-0.3210531782636944,0.013163640923997385,
Occupational & Relationship Consequences - Weighted Score,Informational Support - T Score,spearman,-0.2501355337978137,0.0560413240878798,
Occupational & Relationship Consequences - Weighted Score,Instrumental Support - T Score,spearman,-0.2739443186741241,0.03577008943812326,
Occupational & Relationship Consequences - Weighted Score,Perceived Social Support Total T Score,spearman,-0.3277434082438921,0.011277033906955662,
Occupational & Relationship Consequences - Weighted Score,Emotional Support - Rank,,,,Test not run: unsupported type combination.
Occupational & Relationship Consequences - Weighted Score,Informational Support - Rank,,,,Test not run: unsupported type combination.
Occupational & Relationship Consequences - Weighted Score,Instrumental Support - Rank,,,,Test not run: unsupported type combination.
Occupational & Relationship Consequences - Weighted Score,Perceived Social Support TOTAL - Rank,,,,Test not run: unsupported type combination.
Occupational & Relationship Consequences - Weighted Score,Power Self Concept - Real Self Concept Score,spearman,-0.13638948944978654,0.30299337424420064,
Occupational & Relationship Consequences - Weighted Score,Power Self Concept - Ideal Self Concept score,spearman,-0.2706393626615261,0.038153156079394894,
Occupational & Relationship Consequences - Weighted Score,Power Self Concept – Social Self Concept Score,spearman,-0.03642980726315595,0.7841411381470763,
Occupational & Relationship Consequences - Weighted Score,Social Self Concept - Real Self Concept Score,spearman,-0.2877226468375078,0.027125330825481058,
Occupational & Relationship Consequences - Weighted Score,Social Self Concept – Social Self Concept Score,spearman,-0.13632247956722443,0.30323323757390575,
Occupational & Relationship Consequences - Weighted Score,Ability Self Concept - Real Self Concept Score,spearman,-0.24761616929634198,0.05864527579382614,
Occupational & Relationship Consequences - Weighted Score,Ability Self Concept - Ideal Self Concept Score,spearman,-0.28104328897886344,0.031067203631433695,
Occupational & Relationship Consequences - Weighted Score,Ability Self Concept – Social Self Concept Score,spearman,-0.0886913320210593,0.5041379383567481,
Occupational & Relationship Consequences - Weighted Score,Physical Self Concept - Real Self Concept Score,spearman,-0.25189065228723106,0.05428327967847835,
Occupational & Relationship Consequences - Weighted Score,Physical Self Concept – Ideal Self Concept Score,spearman,-0.2856200032285607,0.028318171095694736,
Occupational & Relationship Consequences - Weighted Score,Physical Self Concept – Social Self Concept Score,spearman,-0.1582115788406436,0.23138458155087016,
Occupational & Relationship Consequences - Weighted Score,Psychological Self Concept - Real Self Concept Score,spearman,-0.31307761870590817,0.01576205244691859,
Occupational & Relationship Consequences - Weighted Score,Psychological Self Concept – Ideal Self Concept Score,spearman,-0.2607244084174373,0.046102366278529566,
Occupational & Relationship Consequences - Weighted Score,Psychological Self Concept – Social Self Concept Score,spearman,-0.13203431167116084,0.3188382180365428,
Occupational & Relationship Consequences - Weighted Score,Real Self Concept Total Score,spearman,-0.29350743514748323,0.02405937491521981,
Occupational & Relationship Consequences - Weighted Score,Ideal Self Concept Total Score,spearman,-0.27882374961607237,0.032478617880859394,
Occupational & Relationship Consequences - Weighted Score,Social Self Concept Total Score,spearman,-0.12774418022208497,0.33495313286022643,
Occupational & Relationship Consequences - Weighted Score,Ideal Self Concept Total Category,,,,Test not run: unsupported type combination.
Occupational & Relationship Consequences - Weighted Score,Perceived Social Stress Score,spearman,0.3620837123728717,0.00483211864550597,
Occupational & Relationship Consequences - Weighted Score,Perceived Social Stress Category,,,,Test not run: unsupported type combination.
Compulsive Behaviour - Weighted Score,Emotional Support - Raw Score,spearman,-0.20733762904590747,0.11509693215782638,
Compulsive Behaviour - Weighted Score,Informational Support - Raw Score,spearman,-0.16591716676087995,0.2091551784850914,
Compulsive Behaviour - Weighted Score,Instrumental Support - Raw Score,spearman,-0.22177290122730076,0.09138913638656687,
Compulsive Behaviour - Weighted Score,Emotional Support - T Score,spearman,-0.2011384876189177,0.1266177443198528,
Compulsive Behaviour - Weighted Score,Informational Support - T Score,spearman,-0.16180800744624887,0.22081431168892773,
Compulsive Behaviour - Weighted Score,Instrumental Support - T Score,spearman,-0.21723080593692645,0.09839577468074212,
Compulsive Behaviour - Weighted Score,Perceived Social Support Total T Score,spearman,-0.250478879463382,0.05569382264449527,
Compulsive Behaviour - Weighted Score,Emotional Support - Rank,,,,Test not run: unsupported type combination.
Compulsive Behaviour - Weighted Score,Informational Support - Rank,,,,Test not run: unsupported type combination.
Compulsive Behaviour - Weighted Score,Instrumental Support - Rank,,,,Test not run: unsupported type combination.
Compulsive Behaviour - Weighted Score,Perceived Social Support TOTAL - Rank,,,,Test not run: unsupported type combination.
Compulsive Behaviour - Weighted Score,Power Self Concept - Real Self Concept Score,spearman,-0.27572601458197377,0.034537512813787884,
Compulsive Behaviour - Weighted Score,Power Self Concept - Ideal Self Concept score,spearman,-0.32702742737326707,0.011467084221851071,
Compulsive Behaviour - Weighted Score,Power Self Concept – Social Self Concept Score,spearman,-0.1985555932899617,0.13166793204551067,
Compulsive Behaviour - Weighted Score,Social Self Concept - Real Self Concept Score,spearman,-0.31178874990889116,0.016220693805421488,
Compulsive Behaviour - Weighted Score,Social Self Concept – Social Self Concept Score,spearman,-0.23379738303200245,0.07471697510356752,
Compulsive Behaviour - Weighted Score,Ability Self Concept - Real Self Concept Score,spearman,-0.28230490886852166,0.030288031086583848,
Compulsive Behaviour - Weighted Score,Ability Self Concept - Ideal Self Concept Score,spearman,-0.25258946072315863,0.05359589244013672,
Compulsive Behaviour - Weighted Score,Ability Self Concept – Social Self Concept Score,spearman,-0.2025660460935217,0.12389024560968558,
Compulsive Behaviour - Weighted Score,Physical Self Concept - Real Self Concept Score,spearman,-0.25548822765197393,0.050819646771397706,
Compulsive Behaviour - Weighted Score,Physical Self Concept – Ideal Self Concept Score,spearman,-0.22764684997950008,0.08291395165000313,
Compulsive Behaviour - Weighted Score,Physical Self Concept – Social Self Concept Score,spearman,-0.15396182114415752,0.2443196703333972,
Compulsive Behaviour - Weighted Score,Psychological Self Concept - Real Self Concept Score,spearman,-0.39529399334155185,0.001944327610536804,
Compulsive Behaviour - Weighted Score,Psychological Self Concept – Ideal Self Concept Score,spearman,-0.22398626173648722,0.08811938749349195,
Compulsive Behaviour - Weighted Score,Psychological Self Concept – Social Self Concept Score,spearman,-0.27349158908147364,0.036089039959584304,
Compulsive Behaviour - Weighted Score,Real Self Concept Total Score,spearman,-0.3252687481189899,0.011945693539138044,
Compulsive Behaviour - Weighted Score,Ideal Self Concept Total Score,spearman,-0.2559144090295135,0.05042154713763933,
Compulsive Behaviour - Weighted Score,Social Self Concept Total Score,spearman,-0.25421963734205477,0.05201983673248275,
Compulsive Behaviour - Weighted Score,Ideal Self Concept Total Category,,,,Test not run: unsupported type combination.
Compulsive Behaviour - Weighted Score,Perceived Social Stress Score,spearman,0.2100416627279927,0.11033052633024948,
Compulsive Behaviour - Weighted Score,Perceived Social Stress Category,,,,Test not run: unsupported type combination.
Obsession with Internet - Weighted Score,Emotional Support - Raw Score,spearman,-0.12132954453890155,0.3599828435707494,
Obsession with Internet - Weighted Score,Informational Support - Raw Score,spearman,-0.0847175618094659,0.5235040623786278,
Obsession with Internet - Weighted Score,Instrumental Support - Raw Score,spearman,-0.22904501802144334,0.08099095741977974,
Obsession with Internet - Weighted Score,Emotional Support - T Score,spearman,-0.11842218000141554,0.3716940131864309,
Obsession with Internet - Weighted Score,Informational Support - T Score,spearman,-0.07860468746888877,0.5540029766498347,
Obsession with Internet - Weighted Score,Instrumental Support - T Score,spearman,-0.22929220596281266,0.08065467928555597,
Obsession with Internet - Weighted Score,Perceived Social Support Total T Score,spearman,-0.18076045822174283,0.17066942455415163,
Obsession with Internet - Weighted Score,Emotional Support - Rank,,,,Test not run: unsupported type combination.
Obsession with Internet - Weighted Score,Informational Support - Rank,,,,Test not run: unsupported type combination.
Obsession with Internet - Weighted Score,Instrumental Support - Rank,,,,Test not run: unsupported type combination.
Obsession with Internet - Weighted Score,Perceived Social Support TOTAL - Rank,,,,Test not run: unsupported type combination.
Obsession with Internet - Weighted Score,Power Self Concept - Real Self Concept Score,spearman,-0.1794743624333148,0.17378373336033143,
Obsession with Internet - Weighted Score,Power Self Concept - Ideal Self Concept score,spearman,-0.15275925179676395,0.248067951813523,
Obsession with Internet - Weighted Score,Power Self Concept – Social Self Concept Score,spearman,-0.17488391051460728,0.18523648084041286,
Obsession with Internet - Weighted Score,Social Self Concept - Real Self Concept Score,spearman,-0.17082325949518734,0.19581194442073707,
Obsession with Internet - Weighted Score,Social Self Concept – Social Self Concept Score,spearman,-0.16623710327082586,0.2082659802771406,
Obsession with Internet - Weighted Score,Ability Self Concept - Real Self Concept Score,spearman,-0.1502378363127206,0.2560535669833141,
Obsession with Internet - Weighted Score,Ability Self Concept - Ideal Self Concept Score,spearman,-0.17276265231748691,0.1907085338280812,
Obsession with Internet - Weighted Score,Ability Self Concept – Social Self Concept Score,spearman,-0.15685101867711515,0.23547314219774504,
Obsession with Internet - Weighted Score,Physical Self Concept - Real Self Concept Score,spearman,-0.21638760486795774,0.09974126880808742,
Obsession with Internet - Weighted Score,Physical Self Concept – Ideal Self Concept Score,spearman,-0.1578295140333036,0.2325277184457201,
Obsession with Internet - Weighted Score,Physical Self Concept – Social Self Concept Score,spearman,-0.18958438281579082,0.1503923697950966,
Obsession with Internet - Weighted Score,Psychological Self Concept - Real Self Concept Score,spearman,-0.24342895937289935,0.06318869811755788,
Obsession with Internet - Weighted Score,Psychological Self Concept – Ideal Self Concept Score,spearman,-0.18505089374839523,0.16057449042506736,
Obsession with Internet - Weighted Score,Psychological Self Concept – Social Self Concept Score,spearman,-0.24225522003765895,0.0645118639588118,
Obsession with Internet - Weighted Score,Real Self Concept Total Score,spearman,-0.19065606984794845,0.14805700283937037,
Obsession with Internet - Weighted Score,Ideal Self Concept Total Score,spearman,-0.18050594690520672,0.17128247635276597,
Obsession with Internet - Weighted Score,Social Self Concept Total Score,spearman,-0.22776342631789062,0.08275225286995934,
Obsession with Internet - Weighted Score,Ideal Self Concept Total Category,,,,Test not run: unsupported type combination.
Obsession with Internet - Weighted Score,Perceived Social Stress Score,spearman,-0.03520895108686524,0.7912092390366422,
Obsession with Internet - Weighted Score,Perceived Social Stress Category,,,,Test not run: unsupported type combination.
Internet as a Source of Recreation - Weighted Score,Emotional Support - Raw Score,spearman,0.016453987858784984,0.9015610117347737,
Internet as a Source of Recreation - Weighted Score,Informational Support - Raw Score,spearman,0.08097302579570287,0.5420868015450828,
Internet as a Source of Recreation - Weighted Score,Instrumental Support - Raw Score,spearman,-0.08184429588392261,0.5377345867552382,
Internet as a Source of Recreation - Weighted Score,Emotional Support - T Score,spearman,0.01796445524817236,0.8925754683656892,
Internet as a Source of Recreation - Weighted Score,Informational Support - T Score,spearman,0.09098375430122728,0.49313564647102015,
Internet as a Source of Recreation - Weighted Score,Instrumental Support - T Score,spearman,-0.08148583752743822,0.5395231072217401,
Internet as a Source of Recreation - Weighted Score,Perceived Social Support Total T Score,spearman,-0.013926084101260708,0.9166260765161393,
Internet as a Source of Recreation - Weighted Score,Emotional Support - Rank,,,,Test not run: unsupported type combination.
Internet as a Source of Recreation - Weighted Score,Informational Support - Rank,,,,Test not run: unsupported type combination.
Internet as a Source of Recreation - Weighted Score,Instrumental Support - Rank,,,,Test not run: unsupported type combination.
Internet as a Source of Recreation - Weighted Score,Perceived Social Support TOTAL - Rank,,,,Test not run: unsupported type combination.
Internet as a Source of Recreation - Weighted Score,Power Self Concept - Real Self Concept Score,spearman,0.013807486934504178,0.9173336154691321,
Internet as a Source of Recreation - Weighted Score,Power Self Concept - Ideal Self Concept score,spearman,-0.09605554685307788,0.4692461154242463,
Internet as a Source of Recreation - Weighted Score,Power Self Concept – Social Self Concept Score,spearman,0.07063412303147938,0.5949980330402362,
Internet as a Source of Recreation - Weighted Score,Social Self Concept - Real Self Concept Score,spearman,-0.10572814870023843,0.4254657326186493,
Internet as a Source of Recreation - Weighted Score,Social Self Concept – Social Self Concept Score,spearman,-0.009600891074080697,0.942466938739782,
Internet as a Source of Recreation - Weighted Score,Ability Self Concept - Real Self Concept Score,spearman,0.03311060094835281,0.8033963904269315,
Internet as a Source of Recreation - Weighted Score,Ability Self Concept - Ideal Self Concept Score,spearman,-0.0984369855441392,0.45824775329795553,
Internet as a Source of Recreation - Weighted Score,Ability Self Concept – Social Self Concept Score,spearman,0.09129652381424681,0.4916443047098844,
Internet as a Source of Recreation - Weighted Score,Physical Self Concept - Real Self Concept Score,spearman,-0.04745240075293412,0.7211731690536372,
Internet as a Source of Recreation - Weighted Score,Physical Self Concept – Ideal Self Concept Score,spearman,-0.13450598771264793,0.30978220214993285,
Internet as a Source of Recreation - Weighted Score,Physical Self Concept – Social Self Concept Score,spearman,0.0042204555112462135,0.9746918029981984,
Internet as a Source of Recreation - Weighted Score,Psychological Self Concept - Real Self Concept Score,spearman,-0.02885992807567472,0.8282243752116708,
Internet as a Source of Recreation - Weighted Score,Psychological Self Concept – Ideal Self Concept Score,spearman,-0.09889216148596136,0.45616172622049944,
Internet as a Source of Recreation - Weighted Score,Psychological Self Concept – Social Self Concept Score,spearman,0.025464294900973485,0.8481801174314939,
Internet as a Source of Recreation - Weighted Score,Real Self Concept Total Score,spearman,0.006904025048570293,0.9586109538959744,
Internet as a Source of Recreation - Weighted Score,Ideal Self Concept Total Score,spearman,-0.12363183197433529,0.3508709378351721,
Internet as a Source of Recreation - Weighted Score,Social Self Concept Total Score,spearman,0.03256521563550518,0.8065717317626815,
Internet as a Source of Recreation - Weighted Score,Ideal Self Concept Total Category,,,,Test not run: unsupported type combination.
Internet as a Source of Recreation - Weighted Score,Perceived Social Stress Score,spearman,-0.003703233126398059,0.9777925217106456,
Internet as a Source of Recreation - Weighted Score,Perceived Social Stress Category,,,,Test not run: unsupported type combination.
Enhanced Socialization - Weighted Score,Emotional Support - Raw Score,spearman,0.05937601715903143,0.655082960634235,
Enhanced Socialization - Weighted Score,Informational Support - Raw Score,spearman,0.10302599467573333,0.43745660852280177,
Enhanced Socialization - Weighted Score,Instrumental Support - Raw Score,spearman,-0.11697722577639953,0.3775990045111858,
Enhanced Socialization - Weighted Score,Emotional Support - T Score,spearman,0.06066085836102158,0.6481051102481576,
Enhanced Socialization - Weighted Score,Informational Support - T Score,spearman,0.10514022004613219,0.4280586576862101,
Enhanced Socialization - Weighted Score,Instrumental Support - T Score,spearman,-0.11894075688189032,0.3695884519037158,
Enhanced Socialization - Weighted Score,Perceived Social Support Total T Score,spearman,0.004137205875331072,0.9751908558743911,
Enhanced Socialization - Weighted Score,Emotional Support - Rank,,,,Test not run: unsupported type combination.
Enhanced Socialization - Weighted Score,Informational Support - Rank,,,,Test not run: unsupported type combination.
Enhanced Socialization - Weighted Score,Instrumental Support - Rank,,,,Test not run: unsupported type combination.
Enhanced Socialization - Weighted Score,Perceived Social Support TOTAL - Rank,,,,Test not run: unsupported type combination.
Enhanced Socialization - Weighted Score,Power Self Concept - Real Self Concept Score,spearman,0.0012115924568210131,0.9927335296884163,
Enhanced Socialization - Weighted Score,Power Self Concept - Ideal Self Concept score,spearman,-0.15733115007955067,0.23402467610228686,
Enhanced Socialization - Weighted Score,Power Self Concept – Social Self Concept Score,spearman,0.16844695086819594,0.20219695677958535,
Enhanced Socialization - Weighted Score,Social Self Concept - Real Self Concept Score,spearman,-0.08269648006528078,0.5334943010686454,
Enhanced Socialization - Weighted Score,Social Self Concept – Social Self Concept Score,spearman,0.1072144577234994,0.4189506613253089,
Enhanced Socialization - Weighted Score,Ability Self Concept - Real Self Concept Score,spearman,-0.010984841349838558,0.9341908331746998,
Enhanced Socialization - Weighted Score,Ability Self Concept - Ideal Self Concept Score,spearman,-0.10878697039435205,0.412120341338994,
Enhanced Socialization - Weighted Score,Ability Self Concept – Social Self Concept Score,spearman,0.1554303444906712,0.2397951756048421,
Enhanced Socialization - Weighted Score,Physical Self Concept - Real Self Concept Score,spearman,-0.012672322455076997,0.9241090407320212,
Enhanced Socialization - Weighted Score,Physical Self Concept – Ideal Self Concept Score,spearman,-0.07603687676495202,0.5670621338160808,
Enhanced Socialization - Weighted Score,Physical Self Concept – Social Self Concept Score,spearman,0.1451600822598312,0.27265810900734216,
Enhanced Socialization - Weighted Score,Psychological Self Concept - Real Self Concept Score,spearman,-0.06997287444352492,0.5984587104519912,
Enhanced Socialization - Weighted Score,Psychological Self Concept – Ideal Self Concept Score,spearman,-0.025019785093153217,0.8507997588454392,
Enhanced Socialization - Weighted Score,Psychological Self Concept – Social Self Concept Score,spearman,0.08902033118040352,0.5025512258371112,
Enhanced Socialization - Weighted Score,Real Self Concept Total Score,spearman,-0.0305327216593296,0.8184322816072569,
Enhanced Socialization - Weighted Score,Ideal Self Concept Total Score,spearman,-0.0696000495541076,0.6004138186699493,
Enhanced Socialization - Weighted Score,Social Self Concept Total Score,spearman,0.14413138540514078,0.2761074103318718,
Enhanced Socialization - Weighted Score,Ideal Self Concept Total Category,,,,Test not run: unsupported type combination.
Enhanced Socialization - Weighted Score,Perceived Social Stress Score,spearman,0.3545480404011339,0.005865814845673005,
Enhanced Socialization - Weighted Score,Perceived Social Stress Category,,,,Test not run: unsupported type combination.
Perceived Control of Internet Use - Weighted Score,Emotional Support - Raw Score,spearman,-0.07185090503570181,0.5886533053776111,
Perceived Control of Internet Use - Weighted Score,Informational Support - Raw Score,spearman,-0.11707528666838359,0.3771964952960559,
Perceived Control of Internet Use - Weighted Score,Instrumental Support - Raw Score,spearman,-0.20421444922730667,0.12079658421642474,
Perceived Control of Internet Use - Weighted Score,Emotional Support - T Score,spearman,-0.0789281409632302,0.5523682053453591,
Perceived Control of Internet Use - Weighted Score,Informational Support - T Score,spearman,-0.11227199573515625,0.39721404018894124,
Perceived Control of Internet Use - Weighted Score,Instrumental Support - T Score,spearman,-0.20828441539506717,0.11341041744540499,
Perceived Control of Internet Use - Weighted Score,Perceived Social Support Total T Score,spearman,-0.14775536569099668,0.26408391269734005,
Perceived Control of Internet Use - Weighted Score,Emotional Support - Rank,,,,Test not run: unsupported type combination.
Perceived Control of Internet Use - Weighted Score,Informational Support - Rank,,,,Test not run: unsupported type combination.
Perceived Control of Internet Use - Weighted Score,Instrumental Support - Rank,,,,Test not run: unsupported type combination.
Perceived Control of Internet Use - Weighted Score,Perceived Social Support TOTAL - Rank,,,,Test not run: unsupported type combination.
Perceived Control of Internet Use - Weighted Score,Power Self Concept - Real Self Concept Score,spearman,0.21719719031569593,0.0984491436268585,
Perceived Control of Internet Use - Weighted Score,Power Self Concept - Ideal Self Concept score,spearman,0.19806938414080238,0.13263535035403487,
Perceived Control of Internet Use - Weighted Score,Power Self Concept – Social Self Concept Score,spearman,0.1934583305621347,0.14207802817154372,
Perceived Control of Internet Use - Weighted Score,Social Self Concept - Real Self Concept Score,spearman,0.06177898268828461,0.6420570444118925,
Perceived Control of Internet Use - Weighted Score,Social Self Concept – Social Self Concept Score,spearman,0.0754297359265798,0.5701707330635212,
Perceived Control of Internet Use - Weighted Score,Ability Self Concept - Real Self Concept Score,spearman,0.11303226895632594,0.3940047540117657,
Perceived Control of Internet Use - Weighted Score,Ability Self Concept - Ideal Self Concept Score,spearman,0.14463180669301687,0.2744258571398722,
Perceived Control of Internet Use - Weighted Score,Ability Self Concept – Social Self Concept Score,spearman,0.02808389710294041,0.8327759917942923,
Perceived Control of Internet Use - Weighted Score,Physical Self Concept - Real Self Concept Score,spearman,0.055756094869296155,0.6748990470165812,
Perceived Control of Internet Use - Weighted Score,Physical Self Concept – Ideal Self Concept Score,spearman,0.14645038073921304,0.26837237512644224,
Perceived Control of Internet Use - Weighted Score,Physical Self Concept – Social Self Concept Score,spearman,0.0211170161675364,0.8738658317937458,
Perceived Control of Internet Use - Weighted Score,Psychological Self Concept - Real Self Concept Score,spearman,0.16263545620515182,0.21843083193841548,
Perceived Control of Internet Use - Weighted Score,Psychological Self Concept – Ideal Self Concept Score,spearman,0.237415182261327,0.07020496693657942,
Perceived Control of Internet Use - Weighted Score,Psychological Self Concept – Social Self Concept Score,spearman,0.11141534539181473,0.4008484807924574,
Perceived Control of Internet Use - Weighted Score,Real Self Concept Total Score,spearman,0.13263145352917213,0.3166350385248555,
Perceived Control of Internet Use - Weighted Score,Ideal Self Concept Total Score,spearman,0.1861131455502966,0.15814439890476598,
Perceived Control of Internet Use - Weighted Score,Social Self Concept Total Score,spearman,0.09995231070001613,0.4513233794438991,
Perceived Control of Internet Use - Weighted Score,Ideal Self Concept Total Category,,,,Test not run: unsupported type combination.
Perceived Control of Internet Use - Weighted Score,Perceived Social Stress Score,spearman,0.1717491922386978,0.19336337975766416,
Perceived Control of Internet Use - Weighted Score,Perceived Social Stress Category,,,,Test not run: unsupported type combination.
Internet Usage Total Score (Weighted),Emotional Support - Raw Score,spearman,-0.12233828548983358,0.3559728290700829,
Internet Usage Total Score (Weighted),Informational Support - Raw Score,spearman,-0.07581615571555651,0.5681913244921983,
Internet Usage Total Score (Weighted),Instrumental Support - Raw Score,spearman,-0.12415977998814907,0.3488016844652766,
Internet Usage Total Score (Weighted),Emotional Support - T Score,spearman,-0.12032601117181418,0.3639994343198468,
Internet Usage Total Score (Weighted),Informational Support - T Score,spearman,-0.06492386309704597,0.6251705211982055,
Internet Usage Total Score (Weighted),Instrumental Support - T Score,spearman,-0.12432445493440514,0.34815780031604204,
Internet Usage Total Score (Weighted),Perceived Social Support Total T Score,spearman,-0.1510694869306873,0.25340065075207324,
Internet Usage Total Score (Weighted),Emotional Support - Rank,,,,Test not run: unsupported type combination.
Internet Usage Total Score (Weighted),Informational Support - Rank,,,,Test not run: unsupported type combination.
Internet Usage Total Score (Weighted),Instrumental Support - Rank,,,,Test not run: unsupported type combination.
Internet Usage Total Score (Weighted),Perceived Social Support TOTAL - Rank,,,,Test not run: unsupported type combination.
Internet Usage Total Score (Weighted),Power Self Concept - Real Self Concept Score,spearman,-0.3251026169797098,0.01199178305400759,
Internet Usage Total Score (Weighted),Power Self Concept - Ideal Self Concept score,spearman,-0.24635302509130114,0.05998716278987477,
Internet Usage Total Score (Weighted),Power Self Concept – Social Self Concept Score,spearman,-0.0820433223791498,0.536742801090859,
Internet Usage Total Score (Weighted),Social Self Concept - Real Self Concept Score,spearman,-0.4853561950009568,9.768407436119942e-05,
Internet Usage Total Score (Weighted),Social Self Concept – Social Self Concept Score,spearman,-0.19024262154757338,0.14895475253132479,
Internet Usage Total Score (Weighted),Ability Self Concept - Real Self Concept Score,spearman,-0.4069246031990334,0.001381880094315141,
Internet Usage Total Score (Weighted),Ability Self Concept - Ideal Self Concept Score,spearman,-0.254079444673569,0.05215387474470132,
Internet Usage Total Score (Weighted),Ability Self Concept – Social Self Concept Score,spearman,-0.12004413798921985,0.36513250491781435,
Internet Usage Total Score (Weighted),Physical Self Concept - Real Self Concept Score,spearman,-0.46046241212109046,0.00024289197932098795,
Internet Usage Total Score (Weighted),Physical Self Concept – Ideal Self Concept Score,spearman,-0.24673934431510314,0.05957415592464951,
Internet Usage Total Score (Weighted),Physical Self Concept – Social Self Concept Score,spearman,-0.17768515619825145,0.17818478082465622,
Internet Usage Total Score (Weighted),Psychological Self Concept - Real Self Concept Score,spearman,-0.5311244414886861,1.5057254636599607e-05,
Internet Usage Total Score (Weighted),Psychological Self Concept – Ideal Self Concept Score,spearman,-0.27728157976055157,0.033490444711404645,
Internet Usage Total Score (Weighted),Psychological Self Concept – Social Self Concept Score,spearman,-0.29416430526883613,0.023730495039958797,
Internet Usage Total Score (Weighted),Real Self Concept Total Score,spearman,-0.5109360481982307,3.550764366765226e-05,
Internet Usage Total Score (Weighted),Ideal Self Concept Total Score,spearman,-0.26570345960909963,0.04195568158747671,
Internet Usage Total Score (Weighted),Social Self Concept Total Score,spearman,-0.21868331641401173,0.09611114117514218,
Internet Usage Total Score (Weighted),Ideal Self Concept Total Category,,,,Test not run: unsupported type combination.
Internet Usage Total Score (Weighted),Perceived Social Stress Score,spearman,0.35718678429937745,0.00548367998288469,
Internet Usage Total Score (Weighted),Perceived Social Stress Category,,,,Test not run: unsupported type combination.
Functional Impairment  - Category,Emotional Support - Raw Score,anova,0.47331931416604367,0.7021254194374793,
Functional Impairment  - Category,Informational Support - Raw Score,anova,0.9733647379263363,0.4119811607323527,
Functional Impairment  - Category,Instrumental Support - Raw Score,anova,0.3506274118770967,0.7888327613337736,
Functional Impairment  - Category,Emotional Support - T Score,anova,0.5345913727895434,0.6605092602655664,
Functional Impairment  - Category,Informational Support - T Score,anova,1.1579166408284696,0.33414033449875596,
Functional Impairment  - Category,Instrumental Support - T Score,anova,0.17062901995083965,0.9157800172417785,
Functional Impairment  - Category,Perceived Social Support Total T Score,anova,0.5120743182321688,0.6756396512555101,
Functional Impairment  - Category,Emotional Support - Rank,chi2,8.162293247293249,0.5178774527113222,
Functional Impairment  - Category,Informational Support - Rank,chi2,6.2780637143795035,0.9014211300840859,
Functional Impairment  - Category,Instrumental Support - Rank,chi2,19.230254292754296,0.023304735486572505,
Functional Impairment  - Category,Perceived Social Support TOTAL - Rank,chi2,12.73283998226306,0.17507224348899472,
Functional Impairment  - Category,Power Self Concept - Real Self Concept Score,anova,5.9180524665852365,0.0014207938707410175,
Functional Impairment  - Category,Power Self Concept - Ideal Self Concept score,anova,14.461040430751378,4.6152205188422415e-07,
Functional Impairment  - Category,Power Self Concept – Social Self Concept Score,anova,8.686776398284186,8.214609126715456e-05,
Functional Impairment  - Category,Social Self Concept - Real Self Concept Score,anova,8.46782587460686,0.00010194320959990512,
Functional Impairment  - Category,Social Self Concept – Social Self Concept Score,anova,8.676852239598345,8.29511596314867e-05,
Functional Impairment  - Category,Ability Self Concept - Real Self Concept Score,anova,7.195759335646468,0.0003689199825960967,
Functional Impairment  - Category,Ability Self Concept - Ideal Self Concept Score,anova,10.868265868338852,1.0378673470799224e-05,
Functional Impairment  - Category,Ability Self Concept – Social Self Concept Score,anova,8.549303060168516,9.405542306587288e-05,
Functional Impairment  - Category,Physical Self Concept - Real Self Concept Score,anova,7.4478142258931905,0.0002846763315135402,
Functional Impairment  - Category,Physical Self Concept – Ideal Self Concept Score,anova,13.768577744014816,8.194264654030475e-07,
Functional Impairment  - Category,Physical Self Concept – Social Self Concept Score,anova,9.887696898358328,2.5830101529565186e-05,
Functional Impairment  - Category,Psychological Self Concept - Real Self Concept Score,anova,12.82184160094197,1.8313048076725286e-06,
Functional Impairment  - Category,Psychological Self Concept – Ideal Self Concept Score,anova,13.863350152825983,7.569853895561298e-07,
Functional Impairment  - Category,Psychological Self Concept – Social Self Concept Score,anova,9.939657737831416,2.459391429363129e-05,
Functional Impairment  - Category,Real Self Concept Total Score,anova,10.996440984117589,9.231901692179151e-06,
Functional Impairment  - Category,Ideal Self Concept Total Score,anova,14.750104077618676,3.6441495422990596e-07,
Functional Impairment  - Category,Social Self Concept Total Score,anova,10.090990274195192,2.1330496923863102e-05,
Functional Impairment  - Category,Ideal Self Concept Total Category,chi2,28.197266145583455,8.625566266668031e-05,
Functional Impairment  - Category,Perceived Social Stress Score,anova,1.911059021091771,0.13849344913144662,
Functional Impairment  - Category,Perceived Social Stress Category,chi2,9.21491683991684,0.1618471813988504,
Withdrawl – Category,Emotional Support - Raw Score,anova,1.8407015143159675,0.15050338917720393,
Withdrawl – Category,Informational Support - Raw Score,anova,1.2550310611598894,0.2988261490118676,
Withdrawl – Category,Instrumental Support - Raw Score,anova,1.4951397255765217,0.22601543385683628,
Withdrawl – Category,Emotional Support - T Score,anova,2.3090605544320306,0.0864569754747128,
Withdrawl – Category,Informational Support - T Score,anova,1.1297642538277926,0.3450774331732426,
Withdrawl – Category,Instrumental Support - T Score,anova,1.2267048392016593,0.30874981645960264,
Withdrawl – Category,Perceived Social Support Total T Score,anova,1.8123047599769817,0.1556369576492123,
Withdrawl – Category,Emotional Support - Rank,chi2,10.783463203463203,0.2908440024554078,
Withdrawl – Category,Informational Support - Rank,chi2,9.807199631732393,0.6328704522499682,
Withdrawl – Category,Instrumental Support - Rank,chi2,11.531205233416117,0.2410455376946295,
Withdrawl – Category,Perceived Social Support TOTAL - Rank,chi2,6.718480804909376,0.6664029217524428,
Withdrawl – Category,Power Self Concept - Real Self Concept Score,anova,1.819417447462134,0.15433514586537106,
Withdrawl – Category,Power Self Concept - Ideal Self Concept score,anova,1.4545183210001844,0.23700859059238163,
Withdrawl – Category,Power Self Concept – Social Self Concept Score,anova,1.2076620040742856,0.3155932081708057,
Withdrawl – Category,Social Self Concept - Real Self Concept Score,anova,4.098990381867005,0.01070966583537138,
Withdrawl – Category,Social Self Concept – Social Self Concept Score,anova,1.0214114307865994,0.39028561195131656,
Withdrawl – Category,Ability Self Concept - Real Self Concept Score,anova,3.500003636270861,0.02134609999011914,
Withdrawl – Category,Ability Self Concept - Ideal Self Concept Score,anova,0.8951176745717211,0.44958285684181987,
Withdrawl – Category,Ability Self Concept – Social Self Concept Score,anova,1.0548086285491383,0.37581149061790814,
Withdrawl – Category,Physical Self Concept - Real Self Concept Score,anova,2.126419143883641,0.10733199996413018,
Withdrawl – Category,Physical Self Concept – Ideal Self Concept Score,anova,0.8042277210271704,0.4969022202462098,
Withdrawl – Category,Physical Self Concept – Social Self Concept Score,anova,0.9776327671174901,0.4100116348930506,
Withdrawl – Category,Psychological Self Concept - Real Self Concept Score,anova,4.380312060905756,0.007777271709468897,
Withdrawl – Category,Psychological Self Concept – Ideal Self Concept Score,anova,0.739292884409022,0.5331546951486285,
Withdrawl – Category,Psychological Self Concept – Social Self Concept Score,anova,1.4153888308453566,0.24808237361792407,
Withdrawl – Category,Real Self Concept Total Score,anova,3.83998868324701,0.014411224642920321,
Withdrawl – Category,Ideal Self Concept Total Score,anova,0.8859343005138067,0.4541843017436016,
Withdrawl – Category,Social Self Concept Total Score,anova,1.2519467576310483,0.29989202573480217,
Withdrawl – Category,Ideal Self Concept Total Category,chi2,8.363993546136403,0.21263035956722867,
Withdrawl – Category,Perceived Social Stress Score,anova,0.2624075545903595,0.8521712076299033,
Withdrawl – Category,Perceived Social Stress Category,chi2,2.7593537414965983,0.8383874554992352,
Occupational & Relationship Consequences – Category,Emotional Support - Raw Score,anova,0.7110185397014989,0.5495789243234801,
Occupational & Relationship Consequences – Category,Informational Support - Raw Score,anova,0.9472070373476764,0.42423447539288084,
Occupational & Relationship Consequences – Category,Instrumental Support - Raw Score,anova,1.4288902883724384,0.24420654316229212,
Occupational & Relationship Consequences – Category,Emotional Support - T Score,anova,0.2877600468047655,0.8340348773730402,
Occupational & Relationship Consequences – Category,Informational Support - T Score,anova,0.5533860569808151,0.6480355427951028,
Occupational & Relationship Consequences – Category,Instrumental Support - T Score,anova,1.0242622320964963,0.3890308780140388,
Occupational & Relationship Consequences – Category,Perceived Social Support Total T Score,anova,1.079852678039573,0.3652767073272322,
Occupational & Relationship Consequences – Category,Emotional Support - Rank,chi2,9.184588744588744,0.4204125955754974,
Occupational & Relationship Consequences – Category,Informational Support - Rank,chi2,21.2115350877193,0.0473673429720847,
Occupational & Relationship Consequences – Category,Instrumental Support - Rank,chi2,14.550992063492064,0.10403104709221098,
Occupational & Relationship Consequences – Category,Perceived Social Support TOTAL - Rank,chi2,9.994070512820514,0.35096545256910916,
Occupational & Relationship Consequences – Category,Power Self Concept - Real Self Concept Score,anova,3.807080554512234,0.01496746898717294,
Occupational & Relationship Consequences – Category,Power Self Concept - Ideal Self Concept score,anova,9.762573006527822,2.9077780175385683e-05,
Occupational & Relationship Consequences – Category,Power Self Concept – Social Self Concept Score,anova,6.025899391315505,0.001265109598082203,
Occupational & Relationship Consequences – Category,Social Self Concept - Real Self Concept Score,anova,2.955579782716174,0.04031356867037154,
Occupational & Relationship Consequences – Category,Social Self Concept – Social Self Concept Score,anova,7.317421475056019,0.000325441072952291,
Occupational & Relationship Consequences – Category,Ability Self Concept - Real Self Concept Score,anova,4.685354905533093,0.005514238402084958,
Occupational & Relationship Consequences – Category,Ability Self Concept - Ideal Self Concept Score,anova,7.939894775022935,0.000172699524958548,
Occupational & Relationship Consequences – Category,Ability Self Concept – Social Self Concept Score,anova,6.5772160269404285,0.0007035366008257879,
Occupational & Relationship Consequences – Category,Physical Self Concept - Real Self Concept Score,anova,1.5479750244455432,0.21245063750293627,
Occupational & Relationship Consequences – Category,Physical Self Concept – Ideal Self Concept Score,anova,9.820093209163653,2.7535328335032082e-05,
Occupational & Relationship Consequences – Category,Physical Self Concept – Social Self Concept Score,anova,7.549970429309903,0.000256444934645178,
Occupational & Relationship Consequences – Category,Psychological Self Concept - Real Self Concept Score,anova,5.9636061461435865,0.0013527551568134105,
Occupational & Relationship Consequences – Category,Psychological Self Concept – Ideal Self Concept Score,anova,6.435699944308282,0.0008170576631151125,
Occupational & Relationship Consequences – Category,Psychological Self Concept – Social Self Concept Score,anova,7.373098682703915,0.000307343288827716,
Occupational & Relationship Consequences – Category,Real Self Concept Total Score,anova,4.77745576540927,0.00497360285760967,
Occupational & Relationship Consequences – Category,Ideal Self Concept Total Score,anova,8.579042136280654,9.133595512244559e-05,
Occupational & Relationship Consequences – Category,Social Self Concept Total Score,anova,7.628185276795589,0.00023679465651035337,
Occupational & Relationship Consequences – Category,Ideal Self Concept Total Category,chi2,30.868629807692308,2.6855944495434333e-05,
Occupational & Relationship Consequences – Category,Perceived Social Stress Score,anova,2.0280433786596737,0.12059115062736009,
Occupational & Relationship Consequences – Category,Perceived Social Stress Category,chi2,3.2265625,0.7799206233447012,
Compulsive Behaviour – Category,Emotional Support - Raw Score,anova,2.4491011830697587,0.07325291109642101,
Compulsive Behaviour – Category,Informational Support - Raw Score,anova,0.9865695673773313,0.40591454107629554,
Compulsive Behaviour – Category,Instrumental Support - Raw Score,anova,1.2735911665039892,0.29248678266070877,
Compulsive Behaviour – Category,Emotional Support - T Score,anova,1.5718443485671612,0.20658406148865013,
Compulsive Behaviour – Category,Informational Support - T Score,anova,0.7284123763252126,0.5394293055600812,
Compulsive Behaviour – Category,Instrumental Support - T Score,anova,1.0775526121366923,0.36623296430420965,
Compulsive Behaviour – Category,Perceived Social Support Total T Score,anova,1.088856741714749,0.361555000463108,
Compulsive Behaviour – Category,Emotional Support - Rank,chi2,8.797843291586608,0.45614059651573935,
Compulsive Behaviour – Category,Informational Support - Rank,chi2,7.289453044375645,0.8379075134919737,
Compulsive Behaviour – Category,Instrumental Support - Rank,chi2,15.23619953031718,0.08464897343007248,
Compulsive Behaviour – Category,Perceived Social Support TOTAL - Rank,chi2,10.807420835255058,0.28914064531815065,
Compulsive Behaviour – Category,Power Self Concept - Real Self Concept Score,anova,5.4049437977452754,0.002482090387537735,
Compulsive Behaviour – Category,Power Self Concept - Ideal Self Concept score,anova,6.624258937687526,0.0006695128933196515,
Compulsive Behaviour – Category,Power Self Concept – Social Self Concept Score,anova,4.22062710632611,0.009323018105284027,
Compulsive Behaviour – Category,Social Self Concept - Real Self Concept Score,anova,3.988590671482349,0.012151092622747755,
Compulsive Behaviour – Category,Social Self Concept – Social Self Concept Score,anova,6.309954231120238,0.0009337668512515562,
Compulsive Behaviour – Category,Ability Self Concept - Real Self Concept Score,anova,4.4551695371068405,0.007145784087025827,
Compulsive Behaviour – Category,Ability Self Concept - Ideal Self Concept Score,anova,3.9582058723206757,0.01258168220761784,
Compulsive Behaviour – Category,Ability Self Concept – Social Self Concept Score,anova,5.786155088590618,0.001638401534061355,
Compulsive Behaviour – Category,Physical Self Concept - Real Self Concept Score,anova,3.0401356775295,0.03650517921842189,
Compulsive Behaviour – Category,Physical Self Concept – Ideal Self Concept Score,anova,3.883595177562323,0.013706582388585074,
Compulsive Behaviour – Category,Physical Self Concept – Social Self Concept Score,anova,5.170903213389273,0.0032113757159414366,
Compulsive Behaviour – Category,Psychological Self Concept - Real Self Concept Score,anova,6.350317254720497,0.0008945384218054073,
Compulsive Behaviour – Category,Psychological Self Concept – Ideal Self Concept Score,anova,3.4707506896963647,0.02208352558094015,
Compulsive Behaviour – Category,Psychological Self Concept – Social Self Concept Score,anova,6.021288459668517,0.0012713917650558685,
Compulsive Behaviour – Category,Real Self Concept Total Score,anova,5.520890948190618,0.0021862978527420534,
Compulsive Behaviour – Category,Ideal Self Concept Total Score,anova,4.433520344728005,0.007322806404697566,
Compulsive Behaviour – Category,Social Self Concept Total Score,anova,5.910756216504547,0.0014320149816260798,
Compulsive Behaviour – Category,Ideal Self Concept Total Category,chi2,14.551009720127364,0.024051550652703438,
Compulsive Behaviour – Category,Perceived Social Stress Score,anova,1.020825822022443,0.3905438053504876,
Compulsive Behaviour – Category,Perceived Social Stress Category,chi2,7.609001782531195,0.26817048211854105,
Obsession with Internet – Category,Emotional Support - Raw Score,anova,2.0973876949724652,0.11108604210481457,
Obsession with Internet – Category,Informational Support - Raw Score,anova,0.5399784423959095,0.6569192025077946,
Obsession with Internet – Category,Instrumental Support - Raw Score,anova,2.11726826552317,0.10850142512081884,
Obsession with Internet – Category,Emotional Support - T Score,anova,2.136085739863472,0.10611033406850424,
Obsession with Internet – Category,Informational Support - T Score,anova,0.5422650059216851,0.6553989443243637,
Obsession with Internet – Category,Instrumental Support - T Score,anova,1.4121939320238435,0.24900810014080682,
Obsession with Internet – Category,Perceived Social Support Total T Score,anova,1.6210531438974165,0.19498179202753904,
Obsession with Internet – Category,Emotional Support - Rank,chi2,12.82273964131107,0.17079251282554264,
Obsession with Internet – Category,Informational Support - Rank,chi2,16.858797589211125,0.15498652051930312,
Obsession with Internet – Category,Instrumental Support - Rank,chi2,15.618189930293106,0.07529571550014375,
Obsession with Internet – Category,Perceived Social Support TOTAL - Rank,chi2,27.18076756576757,0.0013056202852399128,
Obsession with Internet – Category,Power Self Concept - Real Self Concept Score,anova,0.22995399307328587,0.8751425608143173,
Obsession with Internet – Category,Power Self Concept - Ideal Self Concept score,anova,1.4455172496157245,0.23951315092958328,
Obsession with Internet – Category,Power Self Concept – Social Self Concept Score,anova,0.8816209546097256,0.45635938557601197,
Obsession with Internet – Category,Social Self Concept - Real Self Concept Score,anova,1.027746635678837,0.3875021728691883,
Obsession with Internet – Category,Social Self Concept – Social Self Concept Score,anova,2.135214676640695,0.10621984757056721,
Obsession with Internet – Category,Ability Self Concept - Real Self Concept Score,anova,0.7960609378684852,0.501349113869197,
Obsession with Internet – Category,Ability Self Concept - Ideal Self Concept Score,anova,1.4935624582211022,0.22643296481240402,
Obsession with Internet – Category,Ability Self Concept – Social Self Concept Score,anova,1.639702441193088,0.1907525548617156,
Obsession with Internet – Category,Physical Self Concept - Real Self Concept Score,anova,1.1388760339097863,0.3415020502417684,
Obsession with Internet – Category,Physical Self Concept – Ideal Self Concept Score,anova,1.6330885677128455,0.19224209785716326,
Obsession with Internet – Category,Physical Self Concept – Social Self Concept Score,anova,1.4378642937041366,0.24166255335468606,
Obsession with Internet – Category,Psychological Self Concept - Real Self Concept Score,anova,2.5294245013653978,0.06661586628856764,
Obsession with Internet – Category,Psychological Self Concept – Ideal Self Concept Score,anova,2.803481279076612,0.048210324123239084,
Obsession with Internet – Category,Psychological Self Concept – Social Self Concept Score,anova,2.606485051128975,0.0608188559334543,
Obsession with Internet – Category,Real Self Concept Total Score,anova,1.3484226036736193,0.2681902042290991,
Obsession with Internet – Category,Ideal Self Concept Total Score,anova,2.1011134709750787,0.11059703100993962,
Obsession with Internet – Category,Social Self Concept Total Score,anova,1.9166332459423243,0.13758351024601254,
Obsession with Internet – Category,Ideal Self Concept Total Category,chi2,7.986731786731786,0.239076981847778,
Obsession with Internet – Category,Perceived Social Stress Score,anova,1.460115045391863,0.23546399515892777,
Obsession with Internet – Category,Perceived Social Stress Category,chi2,20.616636904761908,0.0021493304613195907,
Internet as a Source of Recreation – Category,Emotional Support - Raw Score,anova,0.09134054226729578,0.9645124931239997,
Internet as a Source of Recreation – Category,Informational Support - Raw Score,anova,0.07378708091008455,0.9738088302448736,
Internet as a Source of Recreation – Category,Instrumental Support - Raw Score,anova,0.4412806444166607,0.7244036014262789,
Internet as a Source of Recreation – Category,Emotional Support - T Score,anova,0.042433893608184135,0.9882371578508781,
Internet as a Source of Recreation – Category,Informational Support - T Score,anova,0.09815985027930675,0.9607148421445718,
Internet as a Source of Recreation – Category,Instrumental Support - T Score,anova,0.20791615871894426,0.8904947939375898,
Internet as a Source of Recreation – Category,Perceived Social Support Total T Score,anova,0.1972629605948867,0.8978196330037362,
Internet as a Source of Recreation – Category,Emotional Support - Rank,chi2,7.769905094905095,0.5574903608857502,
Internet as a Source of Recreation – Category,Informational Support - Rank,chi2,7.747680327191606,0.8045244273378188,
Internet as a Source of Recreation – Category,Instrumental Support - Rank,chi2,11.688339438339437,0.23145483479696682,
Internet as a Source of Recreation – Category,Perceived Social Support TOTAL - Rank,chi2,4.147977022977023,0.9014056965613785,
Internet as a Source of Recreation – Category,Power Self Concept - Real Self Concept Score,anova,1.7318583151331162,0.17113450195766666,
Internet as a Source of Recreation – Category,Power Self Concept - Ideal Self Concept score,anova,1.7779492536893409,0.1620787958518812,
Internet as a Source of Recreation – Category,Power Self Concept – Social Self Concept Score,anova,2.308313155770783,0.08653351152141524,
Internet as a Source of Recreation – Category,Social Self Concept - Real Self Concept Score,anova,0.806803758507078,0.4955062523493259,
Internet as a Source of Recreation – Category,Social Self Concept – Social Self Concept Score,anova,2.0108098948312314,0.12307636130593085,
Internet as a Source of Recreation – Category,Ability Self Concept - Real Self Concept Score,anova,0.5939568315060777,0.6216174921160299,
Internet as a Source of Recreation – Category,Ability Self Concept - Ideal Self Concept Score,anova,1.3773639997613054,0.2593165405162424,
Internet as a Source of Recreation – Category,Ability Self Concept – Social Self Concept Score,anova,1.9106810561525542,0.13855536357530765,
Internet as a Source of Recreation – Category,Physical Self Concept - Real Self Concept Score,anova,0.5315576818226916,0.6625361152235252,
Internet as a Source of Recreation – Category,Physical Self Concept – Ideal Self Concept Score,anova,1.8449780729765402,0.149744884073981,
Internet as a Source of Recreation – Category,Physical Self Concept – Social Self Concept Score,anova,2.8264469331866438,0.046924188063432896,
Internet as a Source of Recreation – Category,Psychological Self Concept - Real Self Concept Score,anova,0.8019741494981684,0.4981260805187059,
Internet as a Source of Recreation – Category,Psychological Self Concept – Ideal Self Concept Score,anova,1.670626128870204,0.18393618306939333,
Internet as a Source of Recreation – Category,Psychological Self Concept – Social Self Concept Score,anova,1.6889035213305679,0.18001988843788835,
Internet as a Source of Recreation – Category,Real Self Concept Total Score,anova,0.7485587258779368,0.5278564620749023,
Internet as a Source of Recreation – Category,Ideal Self Concept Total Score,anova,1.8773561781772472,0.14412337146709006,
Internet as a Source of Recreation – Category,Social Self Concept Total Score,anova,2.095358512448683,0.1113532804555373,
Internet as a Source of Recreation – Category,Ideal Self Concept Total Category,chi2,11.098865877712033,0.08536850288891935,
Internet as a Source of Recreation – Category,Perceived Social Stress Score,anova,1.4101303445628879,0.24960778236459197,
Internet as a Source of Recreation – Category,Perceived Social Stress Category,chi2,22.591002747252748,0.0009456965914313248,
Internet Usage Total Categoty,Emotional Support - Raw Score,anova,1.6278419832480344,0.19343176579031376,
Internet Usage Total Categoty,Informational Support - Raw Score,anova,1.0233683240567029,0.3894239285994699,
Internet Usage Total Categoty,Instrumental Support - Raw Score,anova,0.3560343493056127,0.78495069149488,
Internet Usage Total Categoty,Emotional Support - T Score,anova,1.745676408853829,0.16836866783042875,
Internet Usage Total Categoty,Informational Support - T Score,anova,0.7905493616884017,0.5043685100277926,
Internet Usage Total Categoty,Instrumental Support - T Score,anova,0.20021337948083368,0.8957981393963281,
Internet Usage Total Categoty,Perceived Social Support Total T Score,anova,1.6904930950022359,0.17968317142328508,
Internet Usage Total Categoty,Emotional Support - Rank,chi2,9.37301633850021,0.40357794019656124,
Internet Usage Total Categoty,Informational Support - Rank,chi2,12.7860692630193,0.3847800167103898,
Internet Usage Total Categoty,Instrumental Support - Rank,chi2,9.633791927762744,0.3809366818649528,
Internet Usage Total Categoty,Perceived Social Support TOTAL - Rank,chi2,11.554649919972501,0.23959557661989325,
Internet Usage Total Categoty,Power Self Concept - Real Self Concept Score,anova,3.091640589454867,0.034366728671602856,
Internet Usage Total Categoty,Power Self Concept - Ideal Self Concept score,anova,3.1481074261708293,0.03216828758410058,
Internet Usage Total Categoty,Power Self Concept – Social Self Concept Score,anova,2.088305881598131,0.11228709098181465,
Internet Usage Total Categoty,Social Self Concept - Real Self Concept Score,anova,8.502885408721323,9.846847747872766e-05,
Internet Usage Total Categoty,Social Self Concept – Social Self Concept Score,anova,2.3623229556456087,0.08117416522368753,
Internet Usage Total Categoty,Ability Self Concept - Real Self Concept Score,anova,3.999195087639441,0.012004394566444953,
Internet Usage Total Categoty,Ability Self Concept - Ideal Self Concept Score,anova,1.435781510602191,0.2422507164192686,
Internet Usage Total Categoty,Ability Self Concept – Social Self Concept Score,anova,1.4909902036823195,0.22711548208992127,
Internet Usage Total Categoty,Physical Self Concept - Real Self Concept Score,anova,5.499925347315021,0.002236961535491524,
Internet Usage Total Categoty,Physical Self Concept – Ideal Self Concept Score,anova,1.961109969085199,0.1305321877410929,
Internet Usage Total Categoty,Physical Self Concept – Social Self Concept Score,anova,1.7167496927154164,0.17420966667044313,
Internet Usage Total Categoty,Psychological Self Concept - Real Self Concept Score,anova,10.158614194067033,2.0020313677052484e-05,
Internet Usage Total Categoty,Psychological Self Concept – Ideal Self Concept Score,anova,2.376730039646065,0.07980177651620533,
Internet Usage Total Categoty,Psychological Self Concept – Social Self Concept Score,anova,2.7166947451447956,0.05340177869798097,
Internet Usage Total Categoty,Real Self Concept Total Score,anova,7.746304925344399,0.00021001853268933225,
Internet Usage Total Categoty,Ideal Self Concept Total Score,anova,2.395159115103734,0.07808021167285152,
Internet Usage Total Categoty,Social Self Concept Total Score,anova,2.2560417630915905,0.09205839570475946,
Internet Usage Total Categoty,Ideal Self Concept Total Category,chi2,10.368993215565798,0.1099484846386758,
Internet Usage Total Categoty,Perceived Social Stress Score,anova,6.034212602368234,0.00125386400050924,
Internet Usage Total Categoty,Perceived Social Stress Category,chi2,11.38366935483871,0.07721818322139605,
